<?xml version="1.0" encoding="utf-8"?>
<System>
  <P Name="Location">[0, 0, 1538, 752]</P>
  <P Name="Open">on</P>
  <P Name="ZoomFactor">87</P>
  <P Name="ReportName">simulink-default.rpt</P>
  <P Name="SIDHighWatermark">66</P>
  <Block BlockType="Reference" Name="BLDC" SID="4">
    <PortCounts lconn="4" rconn="2"/>
    <P Name="Position">[1130, 195, 1210, 275]</P>
    <P Name="ZOrder">20</P>
    <P Name="BackgroundColor">automatic</P>
    <P Name="LibraryVersion">25002000.2</P>
    <P Name="SourceBlock">ee_lib/Electromechanical/Permanent Magnet/BLDC</P>
    <P Name="SourceType">BLDC</P>
    <InstanceData>
      <P Name="LogSimulationData">off</P>
      <P Name="SimscapeInstrumentationLogging">off</P>
      <P Name="SimscapeInstrumentationVariables" Ref="bdmxdata:SimscapeInstrumentationVariables_4"/>
      <P Name="SourceFile">ee.electromech.pmsm.pm_rotor.bldc.abc</P>
      <P Name="InternalSimscapePortConfiguration">{&quot;Bottom&quot;:[],&quot;Left&quot;:[{&quot;id&quot;:&quot;a&quot;,&quot;label&quot;:&quot;a&quot;,&quot;type&quot;:&quot;foundation.electrical.electrical&quot;},{&quot;id&quot;:&quot;b&quot;,&quot;label&quot;:&quot;b&quot;,&quot;type&quot;:&quot;foundation.electrical.electrical&quot;},{&quot;id&quot;:&quot;c&quot;,&quot;label&quot;:&quot;c&quot;,&quot;type&quot;:&quot;foundation.electrical.electrical&quot;},{&quot;id&quot;:&quot;n&quot;,&quot;label&quot;:&quot;n&quot;,&quot;type&quot;:&quot;foundation.electrical.electrical&quot;}],&quot;Right&quot;:[{&quot;id&quot;:&quot;R&quot;,&quot;label&quot;:&quot;R&quot;,&quot;type&quot;:&quot;foundation.mechanical.rotational.rotational&quot;},{&quot;id&quot;:&quot;C&quot;,&quot;label&quot;:&quot;C&quot;,&quot;type&quot;:&quot;foundation.mechanical.rotational.rotational&quot;}],&quot;Top&quot;:[]}</P>
      <P Name="SscBlockScalableBuild">off</P>
      <P Name="ComponentPath">ee.electromech.pmsm.pm_rotor.bldc.abc</P>
      <P Name="ComponentVariants">[&quot;ee.electromech.pmsm.pm_rotor.bldc.abc&quot;,&quot;ee.electromech.pmsm.pm_rotor.bldc.abc_thermal&quot;]</P>
      <P Name="ComponentVariantNames">[&quot;physmod:ee:library:comments:electromech:pmsm:bldcs_sscx:NoThermalPort&quot;,&quot;physmod:ee:library:comments:electromech:pmsm:pmsms_sscx:ShowThermalPort&quot;]</P>
      <P Name="ClassName">Simscape variant</P>
      <P Name="SchemaVersion">1</P>
      <P Name="port_option">ee.enum.threePhasePort.expanded</P>
      <P Name="port_option_unit">1</P>
      <P Name="port_option_conf">compiletime</P>
      <P Name="rotor_param">ee.enum.pmsm.backemf.trapezoidflux</P>
      <P Name="rotor_param_unit">1</P>
      <P Name="rotor_param_conf">compiletime</P>
      <P Name="pm_flux_linkage">0.03</P>
      <P Name="pm_flux_linkage_unit">Wb</P>
      <P Name="pm_flux_linkage_conf">compiletime</P>
      <P Name="theta_constant">pi / 12</P>
      <P Name="theta_constant_unit">rad</P>
      <P Name="theta_constant_conf">compiletime</P>
      <P Name="emf_max">9.6</P>
      <P Name="emf_max_unit">V</P>
      <P Name="emf_max_conf">compiletime</P>
      <P Name="w_meas">600</P>
      <P Name="w_meas_unit">rpm</P>
      <P Name="w_meas_conf">compiletime</P>
      <P Name="DphiDtheta_tab">[0, -.1528, -.1528, .1528, .1528, 0]</P>
      <P Name="DphiDtheta_tab_unit">Wb/rad</P>
      <P Name="DphiDtheta_tab_conf">compiletime</P>
      <P Name="back_emf_tab">[0, -9.6, -9.6, 9.6, 9.6, 0]</P>
      <P Name="back_emf_tab_unit">V</P>
      <P Name="back_emf_tab_conf">compiletime</P>
      <P Name="rotor_angle_tab">[0, 7.5, 22.5, 37.5, 52.5, 60]</P>
      <P Name="rotor_angle_tab_unit">deg</P>
      <P Name="rotor_angle_tab_conf">compiletime</P>
      <P Name="nPolePairs">8</P>
      <P Name="nPolePairs_unit">1</P>
      <P Name="nPolePairs_conf">compiletime</P>
      <P Name="axes_param">ee.enum.rotorangle.daxis</P>
      <P Name="axes_param_unit">1</P>
      <P Name="axes_param_conf">compiletime</P>
      <P Name="winding_type">ee.enum.electromech.statorconfiguration.wye</P>
      <P Name="winding_type_unit">1</P>
      <P Name="winding_type_conf">compiletime</P>
      <P Name="stator_param">ee.enum.statorparam.LdLqL0</P>
      <P Name="stator_param_unit">1</P>
      <P Name="stator_param_conf">compiletime</P>
      <P Name="machine_param">ee.enum.dqparameterization.constant</P>
      <P Name="machine_param_unit">1</P>
      <P Name="machine_param_conf">compiletime</P>
      <P Name="Ld">0.00022</P>
      <P Name="Ld_unit">H</P>
      <P Name="Ld_conf">compiletime</P>
      <P Name="Lq">0.00022</P>
      <P Name="Lq_unit">H</P>
      <P Name="Lq_conf">compiletime</P>
      <P Name="idVec">[-200, 0, 200]</P>
      <P Name="idVec_unit">A</P>
      <P Name="idVec_conf">compiletime</P>
      <P Name="iqVec">[-200, 0, 200]</P>
      <P Name="iqVec_unit">A</P>
      <P Name="iqVec_conf">compiletime</P>
      <P Name="LdMatrix">0.00022 * ones(3, 3)</P>
      <P Name="LdMatrix_unit">H</P>
      <P Name="LdMatrix_conf">compiletime</P>
      <P Name="LqMatrix">0.00022 * ones(3, 3)</P>
      <P Name="LqMatrix_unit">H</P>
      <P Name="LqMatrix_conf">compiletime</P>
      <P Name="L0">0.00016</P>
      <P Name="L0_unit">H</P>
      <P Name="L0_conf">compiletime</P>
      <P Name="Ls">0.0002</P>
      <P Name="Ls_unit">H</P>
      <P Name="Ls_conf">compiletime</P>
      <P Name="Lm">0</P>
      <P Name="Lm_unit">H</P>
      <P Name="Lm_conf">compiletime</P>
      <P Name="Ms">0.00002</P>
      <P Name="Ms_unit">H</P>
      <P Name="Ms_conf">compiletime</P>
      <P Name="Rs">0.013</P>
      <P Name="Rs_unit">Ohm</P>
      <P Name="Rs_conf">compiletime</P>
      <P Name="zero_sequence">ee.enum.park.zerosequence.include</P>
      <P Name="zero_sequence_unit">1</P>
      <P Name="zero_sequence_conf">compiletime</P>
      <P Name="loss_param">ee.enum.ironloss.none</P>
      <P Name="loss_param_unit">1</P>
      <P Name="loss_param_conf">compiletime</P>
      <P Name="losses_oc">[0, 0, 0]</P>
      <P Name="losses_oc_unit">W</P>
      <P Name="losses_oc_conf">compiletime</P>
      <P Name="losses_sc">[0, 0, 0]</P>
      <P Name="losses_sc_unit">W</P>
      <P Name="losses_sc_conf">compiletime</P>
      <P Name="f_losses">60</P>
      <P Name="f_losses_unit">Hz</P>
      <P Name="f_losses_conf">compiletime</P>
      <P Name="Isc_losses">95</P>
      <P Name="Isc_losses_unit">A</P>
      <P Name="Isc_losses_conf">compiletime</P>
      <P Name="J">0.01</P>
      <P Name="J_unit">kg*m^2</P>
      <P Name="J_conf">compiletime</P>
      <P Name="lam">0</P>
      <P Name="lam_unit">N*m*s/rad</P>
      <P Name="lam_conf">compiletime</P>
      <P Name="i_d_specify">off</P>
      <P Name="i_d_priority">None</P>
      <P Name="i_d">0</P>
      <P Name="i_d_unit">A</P>
      <P Name="i_d_nominal_specify">off</P>
      <P Name="i_d_nominal_value">1</P>
      <P Name="i_d_nominal_unit">A</P>
      <P Name="i_q_specify">off</P>
      <P Name="i_q_priority">None</P>
      <P Name="i_q">0</P>
      <P Name="i_q_unit">A</P>
      <P Name="i_q_nominal_specify">off</P>
      <P Name="i_q_nominal_value">1</P>
      <P Name="i_q_nominal_unit">A</P>
      <P Name="torque_specify">off</P>
      <P Name="torque_priority">None</P>
      <P Name="torque">0</P>
      <P Name="torque_unit">N*m</P>
      <P Name="torque_nominal_specify">off</P>
      <P Name="torque_nominal_value">1</P>
      <P Name="torque_nominal_unit">N*m</P>
      <P Name="angular_velocity_specify">off</P>
      <P Name="angular_velocity_priority">High</P>
      <P Name="angular_velocity">0</P>
      <P Name="angular_velocity_unit">rpm</P>
      <P Name="angular_velocity_nominal_specify">off</P>
      <P Name="angular_velocity_nominal_value">1</P>
      <P Name="angular_velocity_nominal_unit">rpm</P>
      <P Name="angular_position_specify">off</P>
      <P Name="angular_position_priority">High</P>
      <P Name="angular_position">0</P>
      <P Name="angular_position_unit">deg</P>
      <P Name="angular_position_nominal_specify">off</P>
      <P Name="angular_position_nominal_value">1</P>
      <P Name="angular_position_nominal_unit">deg</P>
      <P Name="alpha">3.93e-3</P>
      <P Name="alpha_unit">1/K</P>
      <P Name="alpha_conf">compiletime</P>
      <P Name="alpha_flux">-0.001</P>
      <P Name="alpha_flux_unit">1/K</P>
      <P Name="alpha_flux_conf">compiletime</P>
      <P Name="Tmeas">298.15</P>
      <P Name="Tmeas_unit">K</P>
      <P Name="Tmeas_conf">compiletime</P>
      <P Name="stator_thermal_mass">100</P>
      <P Name="stator_thermal_mass_unit">J/K</P>
      <P Name="stator_thermal_mass_conf">compiletime</P>
      <P Name="rotor_thermal_mass">200</P>
      <P Name="rotor_thermal_mass_unit">J/K</P>
      <P Name="rotor_thermal_mass_conf">compiletime</P>
      <P Name="Rm_percent_rotor">90</P>
      <P Name="Rm_percent_rotor_unit">1</P>
      <P Name="Rm_percent_rotor_conf">compiletime</P>
      <P Name="Rd_percent_rotor">30</P>
      <P Name="Rd_percent_rotor_unit">1</P>
      <P Name="Rd_percent_rotor_conf">compiletime</P>
      <P Name="temperatureA_specify">off</P>
      <P Name="temperatureA_priority">High</P>
      <P Name="temperatureA">25</P>
      <P Name="temperatureA_unit">degC</P>
      <P Name="temperatureA_nominal_specify">off</P>
      <P Name="temperatureA_nominal_value">1</P>
      <P Name="temperatureA_nominal_unit">degC</P>
      <P Name="temperatureB_specify">off</P>
      <P Name="temperatureB_priority">High</P>
      <P Name="temperatureB">25</P>
      <P Name="temperatureB_unit">degC</P>
      <P Name="temperatureB_nominal_specify">off</P>
      <P Name="temperatureB_nominal_value">1</P>
      <P Name="temperatureB_nominal_unit">degC</P>
      <P Name="temperatureC_specify">off</P>
      <P Name="temperatureC_priority">High</P>
      <P Name="temperatureC">25</P>
      <P Name="temperatureC_unit">degC</P>
      <P Name="temperatureC_nominal_specify">off</P>
      <P Name="temperatureC_nominal_value">1</P>
      <P Name="temperatureC_nominal_unit">degC</P>
      <P Name="temperatureR_specify">off</P>
      <P Name="temperatureR_priority">High</P>
      <P Name="temperatureR">25</P>
      <P Name="temperatureR_unit">degC</P>
      <P Name="temperatureR_nominal_specify">off</P>
      <P Name="temperatureR_nominal_value">1</P>
      <P Name="temperatureR_nominal_unit">degC</P>
    </InstanceData>
  </Block>
  <Block BlockType="Constant" Name="Constant" SID="9">
    <P Name="Position">[290, 211, 405, 239]</P>
    <P Name="ZOrder">25</P>
    <P Name="Value">[100001]</P>
  </Block>
  <Block BlockType="Reference" Name="Differential" SID="66">
    <PortCounts lconn="1" rconn="2"/>
    <P Name="Position">[937, 270, 993, 325]</P>
    <P Name="ZOrder">71</P>
    <P Name="BlockRotation">270</P>
    <P Name="BlockMirror">on</P>
    <P Name="BackgroundColor">automatic</P>
    <P Name="NameLocation">right</P>
    <P Name="LibraryVersion">25001000.1</P>
    <P Name="SourceBlock">sdl_lib/Gears/Differential</P>
    <P Name="SourceType">Differential</P>
    <InstanceData>
      <P Name="LogSimulationData">off</P>
      <P Name="SimscapeInstrumentationLogging">off</P>
      <P Name="SimscapeInstrumentationVariables" Ref="bdmxdata:SimscapeInstrumentationVariables_66"/>
      <P Name="SourceFile">sdl.gears.differential</P>
      <P Name="InternalSimscapePortConfiguration">{&quot;Bottom&quot;:[],&quot;Left&quot;:[{&quot;id&quot;:&quot;D&quot;,&quot;label&quot;:&quot;D&quot;,&quot;type&quot;:&quot;foundation.mechanical.rotational.rotational&quot;}],&quot;Right&quot;:[{&quot;id&quot;:&quot;S1&quot;,&quot;label&quot;:&quot;S1&quot;,&quot;type&quot;:&quot;foundation.mechanical.rotational.rotational&quot;},{&quot;id&quot;:&quot;S2&quot;,&quot;label&quot;:&quot;S2&quot;,&quot;type&quot;:&quot;foundation.mechanical.rotational.rotational&quot;}],&quot;Top&quot;:[]}</P>
      <P Name="SscBlockScalableBuild">off</P>
      <P Name="ComponentPath">sdl.gears.differential</P>
      <P Name="ComponentVariants">[&quot;sdl.gears.differential&quot;]</P>
      <P Name="ComponentVariantNames">[&quot;differential&quot;]</P>
      <P Name="ClassName">differential</P>
      <P Name="SchemaVersion">1</P>
      <P Name="driveshaft_location">sdl.enum.differential_orientation.right</P>
      <P Name="driveshaft_location_unit">1</P>
      <P Name="driveshaft_location_conf">compiletime</P>
      <P Name="cd_ratio">4</P>
      <P Name="cd_ratio_unit">1</P>
      <P Name="cd_ratio_conf">compiletime</P>
      <P Name="friction_model">sdl.enum.gear_friction.none</P>
      <P Name="friction_model_unit">1</P>
      <P Name="friction_model_conf">compiletime</P>
      <P Name="efficiency">[.85, .92]</P>
      <P Name="efficiency_unit">1</P>
      <P Name="efficiency_conf">compiletime</P>
      <P Name="temperature_TLU">[280, 300, 320]</P>
      <P Name="temperature_TLU_unit">K</P>
      <P Name="temperature_TLU_conf">compiletime</P>
      <P Name="efficiency_ss_TLU">[.95, .9, .85]</P>
      <P Name="efficiency_ss_TLU_unit">1</P>
      <P Name="efficiency_ss_TLU_conf">compiletime</P>
      <P Name="efficiency_cd_TLU">[.95, .9, .85]</P>
      <P Name="efficiency_cd_TLU_unit">1</P>
      <P Name="efficiency_cd_TLU_conf">compiletime</P>
      <P Name="pwr_thr">[.001, .001]</P>
      <P Name="pwr_thr_unit">W</P>
      <P Name="pwr_thr_conf">compiletime</P>
      <P Name="mu_visc">[0, 0]</P>
      <P Name="mu_visc_unit">N*m*s/rad</P>
      <P Name="mu_visc_conf">compiletime</P>
      <P Name="model_inertia">false</P>
      <P Name="model_inertia_unit">1</P>
      <P Name="model_inertia_conf">compiletime</P>
      <P Name="sun_inertia">0.001</P>
      <P Name="sun_inertia_unit">kg*m^2</P>
      <P Name="sun_inertia_conf">compiletime</P>
      <P Name="sun_radius">0.01</P>
      <P Name="sun_radius_unit">m</P>
      <P Name="sun_radius_conf">compiletime</P>
      <P Name="carrier_inertia">0.001</P>
      <P Name="carrier_inertia_unit">kg*m^2</P>
      <P Name="carrier_inertia_conf">compiletime</P>
      <P Name="planet_inertia">0.001</P>
      <P Name="planet_inertia_unit">kg*m^2</P>
      <P Name="planet_inertia_conf">compiletime</P>
      <P Name="planet_mass">0.001</P>
      <P Name="planet_mass_unit">kg</P>
      <P Name="planet_mass_conf">compiletime</P>
      <P Name="thermal_mass">50</P>
      <P Name="thermal_mass_unit">J/K</P>
      <P Name="thermal_mass_conf">compiletime</P>
      <P Name="T_init">300</P>
      <P Name="T_init_unit">K</P>
      <P Name="T_init_conf">compiletime</P>
    </InstanceData>
  </Block>
  <Block BlockType="Reference" Name="Electrical Reference1" SID="41">
    <PortCounts lconn="1"/>
    <P Name="Position">[1055, 290, 1075, 310]</P>
    <P Name="ZOrder">57</P>
    <P Name="BlockRotation">270</P>
    <P Name="BlockMirror">on</P>
    <P Name="BackgroundColor">automatic</P>
    <P Name="NameLocation">right</P>
    <P Name="LibraryVersion">25001000.1</P>
    <P Name="SourceBlock">fl_lib/Electrical/Electrical Elements/Electrical Reference</P>
    <P Name="SourceType">Electrical Reference</P>
    <InstanceData>
      <P Name="LogSimulationData">off</P>
      <P Name="SimscapeInstrumentationLogging">off</P>
      <P Name="SimscapeInstrumentationVariables" Ref="bdmxdata:SimscapeInstrumentationVariables_41"/>
      <P Name="SourceFile">foundation.electrical.elements.reference</P>
      <P Name="InternalSimscapePortConfiguration">{&quot;Bottom&quot;:[],&quot;Left&quot;:[{&quot;id&quot;:&quot;V&quot;,&quot;label&quot;:&quot;&quot;,&quot;type&quot;:&quot;foundation.electrical.electrical&quot;}],&quot;Right&quot;:[],&quot;Top&quot;:[]}</P>
      <P Name="SscBlockScalableBuild">off</P>
      <P Name="ComponentPath">foundation.electrical.elements.reference</P>
      <P Name="ComponentVariants">[&quot;foundation.electrical.elements.reference&quot;]</P>
      <P Name="ComponentVariantNames">[&quot;reference&quot;]</P>
      <P Name="ClassName">reference</P>
      <P Name="SchemaVersion">1</P>
    </InstanceData>
  </Block>
  <Block BlockType="Reference" Name="Ideal Rotational&#xA;Motion Sensor" SID="58">
    <PortCounts lconn="1" rconn="3"/>
    <P Name="Position">[1360, 155, 1400, 195]</P>
    <P Name="ZOrder">65</P>
    <P Name="BackgroundColor">automatic</P>
    <P Name="LibraryVersion">25001000.1</P>
    <P Name="SourceBlock">fl_lib/Mechanical/Mechanical Sensors/Ideal Rotational
Motion Sensor</P>
    <P Name="SourceType">Ideal Rotational
Motion Sensor</P>
    <InstanceData>
      <P Name="LogSimulationData">off</P>
      <P Name="SimscapeInstrumentationLogging">off</P>
      <P Name="SimscapeInstrumentationVariables" Ref="bdmxdata:SimscapeInstrumentationVariables_58"/>
      <P Name="SourceFile">foundation.mechanical.sensors.angular_velocity</P>
      <P Name="InternalSimscapePortConfiguration">{&quot;Bottom&quot;:[],&quot;Left&quot;:[{&quot;id&quot;:&quot;R&quot;,&quot;label&quot;:&quot;R&quot;,&quot;type&quot;:&quot;foundation.mechanical.rotational.rotational&quot;}],&quot;Right&quot;:[{&quot;id&quot;:&quot;C&quot;,&quot;label&quot;:&quot;C&quot;,&quot;type&quot;:&quot;foundation.mechanical.rotational.rotational&quot;},{&quot;id&quot;:&quot;W&quot;,&quot;label&quot;:&quot;W&quot;,&quot;type&quot;:&quot;output&quot;},{&quot;id&quot;:&quot;A&quot;,&quot;label&quot;:&quot;A&quot;,&quot;type&quot;:&quot;output&quot;}],&quot;Top&quot;:[]}</P>
      <P Name="SscBlockScalableBuild">off</P>
      <P Name="ComponentPath">foundation.mechanical.sensors.angular_velocity</P>
      <P Name="ComponentVariants">[&quot;foundation.mechanical.sensors.angular_velocity&quot;]</P>
      <P Name="ComponentVariantNames">[&quot;angular_velocity&quot;]</P>
      <P Name="ClassName">angular_velocity</P>
      <P Name="SchemaVersion">1</P>
      <P Name="reference">foundation.enum.MeasurementReference.difference</P>
      <P Name="reference_unit">1</P>
      <P Name="reference_conf">compiletime</P>
      <P Name="acceleration_port">false</P>
      <P Name="acceleration_port_unit">1</P>
      <P Name="acceleration_port_conf">compiletime</P>
      <P Name="velocity_port">true</P>
      <P Name="velocity_port_unit">1</P>
      <P Name="velocity_port_conf">compiletime</P>
      <P Name="position_port">true</P>
      <P Name="position_port_unit">1</P>
      <P Name="position_port_conf">compiletime</P>
      <P Name="wrap_angle">false</P>
      <P Name="wrap_angle_unit">1</P>
      <P Name="wrap_angle_conf">compiletime</P>
      <P Name="offset">0</P>
      <P Name="offset_unit">rad</P>
      <P Name="offset_conf">compiletime</P>
    </InstanceData>
  </Block>
  <Block BlockType="Reference" Name="Inertia" SID="55">
    <PortCounts lconn="1"/>
    <P Name="Position">[1265, 200, 1305, 240]</P>
    <P Name="ZOrder">62</P>
    <P Name="BlockRotation">270</P>
    <P Name="BlockMirror">on</P>
    <P Name="BackgroundColor">automatic</P>
    <P Name="NameLocation">right</P>
    <P Name="LibraryVersion">25001000.1</P>
    <P Name="SourceBlock">fl_lib/Mechanical/Rotational Elements/Inertia</P>
    <P Name="SourceType">Inertia</P>
    <InstanceData>
      <P Name="LogSimulationData">off</P>
      <P Name="SimscapeInstrumentationLogging">off</P>
      <P Name="SimscapeInstrumentationVariables" Ref="bdmxdata:SimscapeInstrumentationVariables_55"/>
      <P Name="SourceFile">foundation.mechanical.rotational.inertia</P>
      <P Name="InternalSimscapePortConfiguration">{&quot;Bottom&quot;:[],&quot;Left&quot;:[{&quot;id&quot;:&quot;I&quot;,&quot;label&quot;:&quot;&quot;,&quot;type&quot;:&quot;foundation.mechanical.rotational.rotational&quot;}],&quot;Right&quot;:[],&quot;Top&quot;:[]}</P>
      <P Name="SscBlockScalableBuild">off</P>
      <P Name="ComponentPath">foundation.mechanical.rotational.inertia</P>
      <P Name="ComponentVariants">[&quot;foundation.mechanical.rotational.inertia&quot;]</P>
      <P Name="ComponentVariantNames">[&quot;inertia&quot;]</P>
      <P Name="ClassName">inertia</P>
      <P Name="SchemaVersion">1</P>
      <P Name="inertia">0.2</P>
      <P Name="inertia_unit">kg*m^2</P>
      <P Name="inertia_conf">compiletime</P>
      <P Name="num_ports">foundation.enum.numPorts2.one</P>
      <P Name="num_ports_unit">1</P>
      <P Name="num_ports_conf">compiletime</P>
      <P Name="w_specify">off</P>
      <P Name="w_priority">High</P>
      <P Name="w">0</P>
      <P Name="w_unit">rad/s</P>
      <P Name="w_nominal_specify">off</P>
      <P Name="w_nominal_value">1</P>
      <P Name="w_nominal_unit">rad/s</P>
      <P Name="t_specify">off</P>
      <P Name="t_priority">None</P>
      <P Name="t">0</P>
      <P Name="t_unit">N*m</P>
      <P Name="t_nominal_specify">off</P>
      <P Name="t_nominal_value">1</P>
      <P Name="t_nominal_unit">N*m</P>
    </InstanceData>
  </Block>
  <Block BlockType="Reference" Name="Mechanical&#xA;Rotational Reference" SID="57">
    <PortCounts lconn="1"/>
    <P Name="Position">[1225, 290, 1245, 310]</P>
    <P Name="ZOrder">64</P>
    <P Name="BlockRotation">270</P>
    <P Name="BlockMirror">on</P>
    <P Name="BackgroundColor">automatic</P>
    <P Name="NameLocation">right</P>
    <P Name="LibraryVersion">25001000.1</P>
    <P Name="SourceBlock">fl_lib/Mechanical/Rotational Elements/Mechanical
Rotational Reference</P>
    <P Name="SourceType">Mechanical
Rotational Reference</P>
    <InstanceData>
      <P Name="LogSimulationData">off</P>
      <P Name="SimscapeInstrumentationLogging">off</P>
      <P Name="SimscapeInstrumentationVariables" Ref="bdmxdata:SimscapeInstrumentationVariables_57"/>
      <P Name="SourceFile">foundation.mechanical.rotational.reference</P>
      <P Name="InternalSimscapePortConfiguration">{&quot;Bottom&quot;:[],&quot;Left&quot;:[{&quot;id&quot;:&quot;W&quot;,&quot;label&quot;:&quot;&quot;,&quot;type&quot;:&quot;foundation.mechanical.rotational.rotational&quot;}],&quot;Right&quot;:[],&quot;Top&quot;:[]}</P>
      <P Name="SscBlockScalableBuild">off</P>
      <P Name="ComponentPath">foundation.mechanical.rotational.reference</P>
      <P Name="ComponentVariants">[&quot;foundation.mechanical.rotational.reference&quot;]</P>
      <P Name="ComponentVariantNames">[&quot;reference&quot;]</P>
      <P Name="ClassName">reference</P>
      <P Name="SchemaVersion">1</P>
    </InstanceData>
  </Block>
  <Block BlockType="Reference" Name="Mechanical&#xA;Rotational Reference1" SID="59">
    <PortCounts lconn="1"/>
    <P Name="Position">[1475, 130, 1495, 150]</P>
    <P Name="ZOrder">66</P>
    <P Name="BlockRotation">270</P>
    <P Name="BlockMirror">on</P>
    <P Name="BackgroundColor">automatic</P>
    <P Name="NameLocation">right</P>
    <P Name="LibraryVersion">25001000.1</P>
    <P Name="SourceBlock">fl_lib/Mechanical/Rotational Elements/Mechanical
Rotational Reference</P>
    <P Name="SourceType">Mechanical
Rotational Reference</P>
    <InstanceData>
      <P Name="LogSimulationData">off</P>
      <P Name="SimscapeInstrumentationLogging">off</P>
      <P Name="SimscapeInstrumentationVariables" Ref="bdmxdata:SimscapeInstrumentationVariables_59"/>
      <P Name="SourceFile">foundation.mechanical.rotational.reference</P>
      <P Name="InternalSimscapePortConfiguration">{&quot;Bottom&quot;:[],&quot;Left&quot;:[{&quot;id&quot;:&quot;W&quot;,&quot;label&quot;:&quot;&quot;,&quot;type&quot;:&quot;foundation.mechanical.rotational.rotational&quot;}],&quot;Right&quot;:[],&quot;Top&quot;:[]}</P>
      <P Name="SscBlockScalableBuild">off</P>
      <P Name="ComponentPath">foundation.mechanical.rotational.reference</P>
      <P Name="ComponentVariants">[&quot;foundation.mechanical.rotational.reference&quot;]</P>
      <P Name="ComponentVariantNames">[&quot;reference&quot;]</P>
      <P Name="ClassName">reference</P>
      <P Name="SchemaVersion">1</P>
    </InstanceData>
  </Block>
  <Block BlockType="Reference" Name="PS-Simulink&#xA;Converter" SID="60">
    <PortCounts out="1" lconn="1"/>
    <P Name="Position">[1460, 207, 1475, 223]</P>
    <P Name="ZOrder">67</P>
    <P Name="BackgroundColor">automatic</P>
    <P Name="LibraryVersion">8.0</P>
    <P Name="SourceBlock">nesl_utility/PS-Simulink
Converter</P>
    <P Name="SourceType">PS-Simulink
Converter</P>
    <InstanceData>
      <P Name="RTWMemSecFuncInitTerm">Inherit from model</P>
      <P Name="RTWMemSecFuncExecute">Inherit from model</P>
      <P Name="RTWMemSecDataConstants">Inherit from model</P>
      <P Name="RTWMemSecDataInternal">Inherit from model</P>
      <P Name="RTWMemSecDataParameters">Inherit from model</P>
      <P Name="ContentPreviewEnabled">on</P>
      <P Name="PhysicalDomain">network_engine_domain</P>
      <P Name="SubClassName">ps_output</P>
      <P Name="LeftPortType">input</P>
      <P Name="RightPortType">output</P>
      <P Name="PseudoPeriodic">off</P>
      <P Name="Frequencies">[]</P>
      <P Name="VectorFormat">inherit</P>
      <P Name="Unit">inherit</P>
      <P Name="AffineConversion">off</P>
    </InstanceData>
  </Block>
  <Block BlockType="Reference" Name="Solver&#xA;Configuration" SID="56">
    <PortCounts rconn="1"/>
    <P Name="Position">[1325, 274, 1370, 306]</P>
    <P Name="ZOrder">63</P>
    <P Name="LibraryVersion">8.0</P>
    <P Name="SourceBlock">nesl_utility/Solver
Configuration</P>
    <P Name="SourceType">Solver
Configuration</P>
    <InstanceData>
      <P Name="RTWMemSecFuncInitTerm">Inherit from model</P>
      <P Name="RTWMemSecFuncExecute">Inherit from model</P>
      <P Name="RTWMemSecDataConstants">Inherit from model</P>
      <P Name="RTWMemSecDataInternal">Inherit from model</P>
      <P Name="RTWMemSecDataParameters">Inherit from model</P>
      <P Name="ContentPreviewEnabled">on</P>
      <P Name="PhysicalDomain">network_engine_domain</P>
      <P Name="SubClassName">solver</P>
      <P Name="LeftPortType">input</P>
      <P Name="RightPortType">generic</P>
      <P Name="Tones">[]</P>
      <P Name="Harmonics">[]</P>
      <P Name="SimulateNoise">off</P>
      <P Name="Profile">off</P>
      <P Name="UseLocalSampling">off</P>
      <P Name="EnableSwitchedLinearOptims">on</P>
      <P Name="FrequencyDomain">off</P>
      <P Name="UseCCode">off</P>
      <P Name="RelTol">0.001</P>
      <P Name="AbsTol">0.001</P>
      <P Name="MinStep">1e-09</P>
      <P Name="ToWorkspace">off</P>
      <P Name="RevertToSquareIcSolve">off</P>
      <P Name="NumHomotopyIterations">100</P>
      <P Name="PhasorMode">off</P>
      <P Name="PhasorModeNumHarmonics">1</P>
      <P Name="ConsistencySolver">NEWTON_XTOL_AFTER_FTOL</P>
      <P Name="IndexReductionMethod">DerivativeReplacement</P>
      <P Name="DoDC">off</P>
      <P Name="ResidualTolerance">1e-09</P>
      <P Name="ConsistencyTolSource">GLOBAL</P>
      <P Name="ConsistencyAbsTol">0.001</P>
      <P Name="ConsistencyRelTol">0.001</P>
      <P Name="ConsistencyTolFactor">0.001</P>
      <P Name="UseLocalSolver">off</P>
      <P Name="LocalSolverChoice">NE_BACKWARD_EULER_ADVANCER</P>
      <P Name="ResolveIndetEquations">on</P>
      <P Name="FunctionEvalNumThread">1</P>
      <P Name="LocalSolverSampleTime">0.001</P>
      <P Name="DoFixedCost">off</P>
      <P Name="MaxNonlinIter">3</P>
      <P Name="MaxModeIter">2</P>
      <P Name="ComputeImpulses">off</P>
      <P Name="ImpulseIterations">2</P>
      <P Name="LinearAlgebra">auto</P>
      <P Name="LinearAlgebraNumThread">0</P>
      <P Name="EquationFormulation">NE_TIME_EF</P>
      <P Name="DelaysMemoryBudget">1024</P>
      <P Name="AutomaticFiltering">on</P>
      <P Name="FilteringTimeConstant">0.001</P>
      <P Name="PartitionStorageMethod">AS_NEEDED</P>
      <P Name="PartitionMemoryBudget">1024</P>
      <P Name="PartitionMethod">ROBUST</P>
      <P Name="MultibodyUseLocalSolver">off</P>
      <P Name="MultibodyLocalSolverChoice">ODE1</P>
      <P Name="MultibodyLocalSolverSampleTime">0.001</P>
    </InstanceData>
  </Block>
  <Block BlockType="Reference" Name="Tire (Simple)" SID="64">
    <PortCounts lconn="1" rconn="1"/>
    <P Name="Position">[1140, 50, 1200, 110]</P>
    <P Name="ZOrder">69</P>
    <P Name="BackgroundColor">automatic</P>
    <P Name="LibraryVersion">25001000.1</P>
    <P Name="SourceBlock">sdl_lib/Tires &amp; Vehicles/Tire (Simple)</P>
    <P Name="SourceType">Tire (Simple)</P>
    <InstanceData>
      <P Name="LogSimulationData">off</P>
      <P Name="SimscapeInstrumentationLogging">off</P>
      <P Name="SimscapeInstrumentationVariables" Ref="bdmxdata:SimscapeInstrumentationVariables_64"/>
      <P Name="SourceFile">sdl.tires.tire_simple</P>
      <P Name="InternalSimscapePortConfiguration">{&quot;Bottom&quot;:[],&quot;Left&quot;:[{&quot;id&quot;:&quot;A&quot;,&quot;label&quot;:&quot;A&quot;,&quot;type&quot;:&quot;foundation.mechanical.rotational.rotational&quot;}],&quot;Right&quot;:[{&quot;id&quot;:&quot;H&quot;,&quot;label&quot;:&quot;H&quot;,&quot;type&quot;:&quot;foundation.mechanical.translational.translational&quot;}],&quot;Top&quot;:[]}</P>
      <P Name="SscBlockScalableBuild">off</P>
      <P Name="ComponentPath">sdl.tires.tire_simple</P>
      <P Name="ComponentVariants">[&quot;sdl.tires.tire_simple&quot;]</P>
      <P Name="ComponentVariantNames">[&quot;tire_simple&quot;]</P>
      <P Name="ClassName">tire_simple</P>
      <P Name="SchemaVersion">1</P>
      <P Name="r_tire">0.3</P>
      <P Name="r_tire_unit">m</P>
      <P Name="r_tire_conf">compiletime</P>
      <P Name="model_compliance">sdl.enum.compliance.off</P>
      <P Name="model_compliance_unit">1</P>
      <P Name="model_compliance_conf">compiletime</P>
      <P Name="stiffness">1e6</P>
      <P Name="stiffness_unit">N/m</P>
      <P Name="stiffness_conf">compiletime</P>
      <P Name="damping">1000</P>
      <P Name="damping_unit">N*s/m</P>
      <P Name="damping_conf">compiletime</P>
      <P Name="model_inertia">sdl.enum.model_inertia.off</P>
      <P Name="model_inertia_unit">1</P>
      <P Name="model_inertia_conf">compiletime</P>
      <P Name="tire_inertia">1</P>
      <P Name="tire_inertia_unit">kg*m^2</P>
      <P Name="tire_inertia_conf">compiletime</P>
      <P Name="initial_velocity">0</P>
      <P Name="initial_velocity_unit">rad/s</P>
      <P Name="initial_velocity_conf">compiletime</P>
    </InstanceData>
  </Block>
  <Block BlockType="Reference" Name="Tire (Simple)1" SID="65">
    <PortCounts lconn="1" rconn="1"/>
    <P Name="Position">[1130, 380, 1190, 440]</P>
    <P Name="ZOrder">70</P>
    <P Name="BackgroundColor">automatic</P>
    <P Name="LibraryVersion">25001000.1</P>
    <P Name="SourceBlock">sdl_lib/Tires &amp; Vehicles/Tire (Simple)</P>
    <P Name="SourceType">Tire (Simple)</P>
    <InstanceData>
      <P Name="LogSimulationData">off</P>
      <P Name="SimscapeInstrumentationLogging">off</P>
      <P Name="SimscapeInstrumentationVariables" Ref="bdmxdata:SimscapeInstrumentationVariables_65"/>
      <P Name="SourceFile">sdl.tires.tire_simple</P>
      <P Name="InternalSimscapePortConfiguration">{&quot;Bottom&quot;:[],&quot;Left&quot;:[{&quot;id&quot;:&quot;A&quot;,&quot;label&quot;:&quot;A&quot;,&quot;type&quot;:&quot;foundation.mechanical.rotational.rotational&quot;}],&quot;Right&quot;:[{&quot;id&quot;:&quot;H&quot;,&quot;label&quot;:&quot;H&quot;,&quot;type&quot;:&quot;foundation.mechanical.translational.translational&quot;}],&quot;Top&quot;:[]}</P>
      <P Name="SscBlockScalableBuild">off</P>
      <P Name="ComponentPath">sdl.tires.tire_simple</P>
      <P Name="ComponentVariants">[&quot;sdl.tires.tire_simple&quot;]</P>
      <P Name="ComponentVariantNames">[&quot;tire_simple&quot;]</P>
      <P Name="ClassName">tire_simple</P>
      <P Name="SchemaVersion">1</P>
      <P Name="r_tire">0.3</P>
      <P Name="r_tire_unit">m</P>
      <P Name="r_tire_conf">compiletime</P>
      <P Name="model_compliance">sdl.enum.compliance.off</P>
      <P Name="model_compliance_unit">1</P>
      <P Name="model_compliance_conf">compiletime</P>
      <P Name="stiffness">1e6</P>
      <P Name="stiffness_unit">N/m</P>
      <P Name="stiffness_conf">compiletime</P>
      <P Name="damping">1000</P>
      <P Name="damping_unit">N*s/m</P>
      <P Name="damping_conf">compiletime</P>
      <P Name="model_inertia">sdl.enum.model_inertia.off</P>
      <P Name="model_inertia_unit">1</P>
      <P Name="model_inertia_conf">compiletime</P>
      <P Name="tire_inertia">1</P>
      <P Name="tire_inertia_unit">kg*m^2</P>
      <P Name="tire_inertia_conf">compiletime</P>
      <P Name="initial_velocity">0</P>
      <P Name="initial_velocity_unit">rad/s</P>
      <P Name="initial_velocity_conf">compiletime</P>
    </InstanceData>
  </Block>
  <Block BlockType="Scope" Name="speed" SID="61">
    <PortCounts in="1"/>
    <P Name="Position">[1490, 199, 1520, 231]</P>
    <P Name="ZOrder">68</P>
    <P Name="GraphicalSettings">{&quot;GraphicalSettings&quot;:{&quot;LegacySettings&quot;:true,&quot;Style&quot;:{&quot;Style&quot;:{&quot;PlotType&quot;:&quot;Auto&quot;}}}}</P>
    <P Name="WasSavedAsWebScope">on</P>
    <P Name="Floating">off</P>
    <P Name="NumInputPorts">1</P>
    <P Name="DataLoggingVariableName">ScopeData2</P>
  </Block>
  <Block BlockType="SubSystem" Name="tree-phase inveter" SID="50">
    <PortCounts in="1" rconn="3"/>
    <P Name="Position">[495, 176, 725, 274]</P>
    <P Name="ZOrder">61</P>
    <P Name="ContentPreviewEnabled">on</P>
    <System Ref="system_50"/>
  </Block>
  <Line LineType="Connection">
    <P Name="ZOrder">169</P>
    <P Name="Src">41#lconn:1</P>
    <P Name="Points">[0, -10]</P>
    <P Name="Dst">4#lconn:4</P>
  </Line>
  <Line LineType="Connection">
    <P Name="ZOrder">171</P>
    <P Name="Src">4#lconn:1</P>
    <P Name="Points">[-187, 0; 0, -10]</P>
    <P Name="Dst">50#rconn:1</P>
  </Line>
  <Line LineType="Connection">
    <P Name="ZOrder">172</P>
    <P Name="Src">50#rconn:2</P>
    <P Name="Dst">4#lconn:2</P>
  </Line>
  <Line LineType="Connection">
    <P Name="ZOrder">173</P>
    <P Name="Src">4#lconn:3</P>
    <P Name="Points">[-187, 0; 0, 10]</P>
    <P Name="Dst">50#rconn:3</P>
  </Line>
  <Line LineType="Connection">
    <P Name="ZOrder">174</P>
    <P Name="Src">4#rconn:1</P>
    <P Name="Points">[16, 0]</P>
    <Branch ConnectType="DEST_SRC">
      <P Name="Points">[0, 42; 27, 0]</P>
      <Branch ConnectType="DEST_DEST">
        <P Name="Src">55#lconn:1</P>
        <P Name="Points">[0, -9; -17, 0; 0, 81]</P>
      </Branch>
      <Branch ConnectType="DEST_SRC">
        <P Name="Points">[48, 0]</P>
        <Branch ConnectType="DEST_DEST">
          <P Name="Src">58#lconn:1</P>
          <P Name="Points">[-29, 0; 0, 82]</P>
        </Branch>
        <Branch ConnectType="DEST_SRC">
          <P Name="Points">[78, 0; 0, 33]</P>
          <P Name="Dst">56#rconn:1</P>
        </Branch>
      </Branch>
    </Branch>
    <Branch ConnectType="DEST_DEST">
      <P Name="Src">66#lconn:1</P>
      <P Name="Points">[0, -84; 276, 0; 0, 44]</P>
    </Branch>
  </Line>
  <Line LineType="Connection">
    <P Name="ZOrder">178</P>
    <P Name="Src">57#lconn:1</P>
    <P Name="Points">[0, -20]</P>
    <P Name="Dst">4#rconn:2</P>
  </Line>
  <Line LineType="Connection">
    <P Name="ZOrder">181</P>
    <P Name="Src">58#rconn:1</P>
    <P Name="Points">[23, 0; 0, -54; 47, 0]</P>
    <P Name="Dst">59#lconn:1</P>
  </Line>
  <Line LineType="Connection">
    <P Name="ZOrder">183</P>
    <P Name="Src">60#lconn:1</P>
    <P Name="Points">[-9, 0; 0, -39; -10, 0; 0, -1]</P>
    <P Name="Dst">58#rconn:2</P>
  </Line>
  <Line>
    <P Name="ZOrder">184</P>
    <P Name="Src">60#out:1</P>
    <P Name="Dst">61#in:1</P>
  </Line>
  <Line>
    <P Name="ZOrder">185</P>
    <P Name="Src">9#out:1</P>
    <P Name="Dst">50#in:1</P>
  </Line>
  <Line LineType="Connection">
    <P Name="ZOrder">186</P>
    <P Name="Src">66#rconn:2</P>
    <P Name="Points">[0, 13; 117, 0; 0, -273]</P>
    <P Name="Dst">64#lconn:1</P>
  </Line>
  <Line LineType="Connection">
    <P Name="ZOrder">187</P>
    <P Name="Src">66#rconn:1</P>
    <P Name="Points">[0, 25; 147, 0; 0, 45]</P>
    <P Name="Dst">65#lconn:1</P>
  </Line>
</System>
