{
    "GraphicalInterface":{
        "ExternalFileReferences":[
            {
                "Path":"$bdroot\/BLDC",
                "Reference":"ee_lib\/Electromechanical\/Permanent Magnet\/BLDC",
                "SID":"4",
                "Type":"LIBRARY_BLOCK"
            },
            {
                "Path":"$bdroot\/Differential",
                "Reference":"sdl_lib\/Gears\/Differential",
                "SID":"66",
                "Type":"LIBRARY_BLOCK"
            },
            {
                "Path":"$bdroot\/Electrical Reference1",
                "Reference":"fl_lib\/Electrical\/Electrical Elements\/Electrical Reference",
                "SID":"41",
                "Type":"LIBRARY_BLOCK"
            },
            {
                "Path":"$bdroot\/Ideal Rotational Motion Sensor",
                "Reference":"fl_lib\/Mechanical\/Mechanical Sensors\/Ideal Rotational\nMotion Sensor",
                "SID":"58",
                "Type":"LIBRARY_BLOCK"
            },
            {
                "Path":"$bdroot\/Inertia",
                "Reference":"fl_lib\/Mechanical\/Rotational Elements\/Inertia",
                "SID":"55",
                "Type":"LIBRARY_BLOCK"
            },
            {
                "Path":"$bdroot\/Mechanical Rotational Reference",
                "Reference":"fl_lib\/Mechanical\/Rotational Elements\/Mechanical\nRotational Reference",
                "SID":"57",
                "Type":"LIBRARY_BLOCK"
            },
            {
                "Path":"$bdroot\/Mechanical Rotational Reference1",
                "Reference":"fl_lib\/Mechanical\/Rotational Elements\/Mechanical\nRotational Reference",
                "SID":"59",
                "Type":"LIBRARY_BLOCK"
            },
            {
                "Path":"$bdroot\/PS-Simulink Converter",
                "Reference":"nesl_utility\/PS-Simulink\nConverter",
                "SID":"60",
                "Type":"LIBRARY_BLOCK"
            },
            {
                "Path":"$bdroot\/Solver Configuration",
                "Reference":"nesl_utility\/Solver\nConfiguration",
                "SID":"56",
                "Type":"LIBRARY_BLOCK"
            },
            {
                "Path":"$bdroot\/Tire (Simple)",
                "Reference":"sdl_lib\/Tires & Vehicles\/Tire (Simple)",
                "SID":"64",
                "Type":"LIBRARY_BLOCK"
            },
            {
                "Path":"$bdroot\/Tire (Simple)1",
                "Reference":"sdl_lib\/Tires & Vehicles\/Tire (Simple)",
                "SID":"65",
                "Type":"LIBRARY_BLOCK"
            },
            {
                "Path":"$bdroot\/tree-phase inveter\/Current Sensor (Three-Phase)",
                "Reference":"ee_lib\/Sensors &\nTransducers\/Current Sensor\n(Three-Phase)",
                "SID":"37",
                "Type":"LIBRARY_BLOCK"
            },
            {
                "Path":"$bdroot\/tree-phase inveter\/Electrical Reference",
                "Reference":"fl_lib\/Electrical\/Electrical Elements\/Electrical Reference",
                "SID":"40",
                "Type":"LIBRARY_BLOCK"
            },
            {
                "Path":"$bdroot\/tree-phase inveter\/PS-Simulink Converter",
                "Reference":"nesl_utility\/PS-Simulink\nConverter",
                "SID":"39",
                "Type":"LIBRARY_BLOCK"
            },
            {
                "Path":"$bdroot\/tree-phase inveter\/PS-Simulink Converter1",
                "Reference":"nesl_utility\/PS-Simulink\nConverter",
                "SID":"42",
                "Type":"LIBRARY_BLOCK"
            },
            {
                "Path":"$bdroot\/tree-phase inveter\/Phase Voltage Sensor (Three-Phase)",
                "Reference":"ee_lib\/Sensors &\nTransducers\/Phase Voltage Sensor\n(Three-Phase)",
                "SID":"35",
                "Type":"LIBRARY_BLOCK"
            },
            {
                "Path":"$bdroot\/tree-phase inveter\/S1",
                "Reference":"ee_lib\/Semiconductors &\nConverters\/MOSFET\n(Ideal,\nSwitching)",
                "SID":"1",
                "Type":"LIBRARY_BLOCK"
            },
            {
                "Path":"$bdroot\/tree-phase inveter\/S2",
                "Reference":"ee_lib\/Semiconductors &\nConverters\/MOSFET\n(Ideal,\nSwitching)",
                "SID":"2",
                "Type":"LIBRARY_BLOCK"
            },
            {
                "Path":"$bdroot\/tree-phase inveter\/S3",
                "Reference":"ee_lib\/Semiconductors &\nConverters\/MOSFET\n(Ideal,\nSwitching)",
                "SID":"5",
                "Type":"LIBRARY_BLOCK"
            },
            {
                "Path":"$bdroot\/tree-phase inveter\/S4",
                "Reference":"ee_lib\/Semiconductors &\nConverters\/MOSFET\n(Ideal,\nSwitching)",
                "SID":"6",
                "Type":"LIBRARY_BLOCK"
            },
            {
                "Path":"$bdroot\/tree-phase inveter\/S5",
                "Reference":"ee_lib\/Semiconductors &\nConverters\/MOSFET\n(Ideal,\nSwitching)",
                "SID":"7",
                "Type":"LIBRARY_BLOCK"
            },
            {
                "Path":"$bdroot\/tree-phase inveter\/S6",
                "Reference":"ee_lib\/Semiconductors &\nConverters\/MOSFET\n(Ideal,\nSwitching)",
                "SID":"8",
                "Type":"LIBRARY_BLOCK"
            },
            {
                "Path":"$bdroot\/tree-phase inveter\/Simulink-PS Converter",
                "Reference":"nesl_utility\/Simulink-PS\nConverter",
                "SID":"15",
                "Type":"LIBRARY_BLOCK"
            },
            {
                "Path":"$bdroot\/tree-phase inveter\/Simulink-PS Converter1",
                "Reference":"nesl_utility\/Simulink-PS\nConverter",
                "SID":"21",
                "Type":"LIBRARY_BLOCK"
            },
            {
                "Path":"$bdroot\/tree-phase inveter\/Simulink-PS Converter2",
                "Reference":"nesl_utility\/Simulink-PS\nConverter",
                "SID":"30",
                "Type":"LIBRARY_BLOCK"
            },
            {
                "Path":"$bdroot\/tree-phase inveter\/Simulink-PS Converter3",
                "Reference":"nesl_utility\/Simulink-PS\nConverter",
                "SID":"32",
                "Type":"LIBRARY_BLOCK"
            },
            {
                "Path":"$bdroot\/tree-phase inveter\/Simulink-PS Converter4",
                "Reference":"nesl_utility\/Simulink-PS\nConverter",
                "SID":"33",
                "Type":"LIBRARY_BLOCK"
            },
            {
                "Path":"$bdroot\/tree-phase inveter\/Simulink-PS Converter5",
                "Reference":"nesl_utility\/Simulink-PS\nConverter",
                "SID":"34",
                "Type":"LIBRARY_BLOCK"
            },
            {
                "Path":"$bdroot\/tree-phase inveter\/Voltage Source",
                "Reference":"ee_lib\/Sources\/Voltage Source",
                "SID":"3",
                "Type":"LIBRARY_BLOCK"
            }
        ],
        "PreCompExecutionDomainType":"Unset",
        "SimulinkSubDomainType":"Simulink",
        "SolverName":"VariableStepAuto",
        "TestPointedSignals":[
            {
                "Decimation":2,
                "FullBlockPath":"$bdroot\/Constant",
                "LogSignal":true,
                "MaxPoints":5000,
                "SignalName":""
            }
        ]
    }
}