<?xml version="1.0" encoding="UTF-8"?>
<sltp_graph version="1.1" packageUris="http://schema.mathworks.com/mf0/sltp_mm/R2025a_202406271200">
  <sltp.mm.core.Context type="sltp.mm.core.Context" uuid="bbe4a73d-d486-48d6-a6c7-9b79ac45692f">
    <defaultBarrierBehavior type="sltp.mm.core.BarrierBehavior" uuid="d541f5dd-8e7c-4787-b602-adc0b1c561d5"/>
    <defaultEventBehavior type="sltp.mm.core.EventBehavior" uuid="0a33f4c8-f8b7-43b9-a529-1189c6e841f6"/>
    <editorState type="sltp.mm.core.EditorState" uuid="1304453e-154d-4848-9cbb-f6a7e9f0e240">
      <panelState type="sltp.mm.core.EditorPanelState" uuid="c53b62eb-d180-407e-a0ce-d73c36bce62d"/>
    </editorState>
    <rootTask type="sltp.mm.core.Task" uuid="e590873a-55bf-4561-ab31-a81d99538b79">
      <context type="sltp.mm.core.Context" uuid="bbe4a73d-d486-48d6-a6c7-9b79ac45692f"/>
      <explicit>false</explicit>
      <name>Default</name>
      <priority>-2147483648</priority>
      <subgraph type="sltp.mm.core.Graph" uuid="c1246beb-409f-4d94-babf-a1d38c9ce2e7"/>
    </rootTask>
  </sltp.mm.core.Context>
</sltp_graph>