<?xml version="1.0" encoding="UTF-8"?>
<sltp_editor version="1.1" packageUris="http://schema.mathworks.com/mf0/DiagramEditor/R2019a_20181107 http://schema.mathworks.com/mf0/SltpSyntax/R2025a_202406271400">
  <diagram.editor.model.Diagram type="diagram.editor.model.Diagram" uuid="887540ab-f758-44e6-8035-785b7a322de5">
    <syntaxElement type="sltp.mm.syntax.Graph" uuid="41be328d-0272-495b-9a76-9cead6f43ac5"/>
    <title>Default</title>
    <type>graph.Graph</type>
  </diagram.editor.model.Diagram>
  <sltp.mm.syntax.Context type="sltp.mm.syntax.Context" uuid="9c4e4fd0-a775-4115-b284-34b784098d54">
    <rootGraph type="sltp.mm.syntax.Graph" uuid="41be328d-0272-495b-9a76-9cead6f43ac5">
      <priorityDirection>HighNumberFirst</priorityDirection>
      <title>Default</title>
      <diagramElement type="diagram.editor.model.Diagram" uuid="887540ab-f758-44e6-8035-785b7a322de5"/>
    </rootGraph>
  </sltp.mm.syntax.Context>
</sltp_editor>